id,name,model_id:id,group_id:id,perm_read,perm_write,perm_create,perm_unlink
access_res_users_role,access_res_users_role,model_res_users_role,"base.group_erp_manager",1,1,1,1
access_res_users_role_line,access_res_users_role_line,model_res_users_role_line,"base.group_erp_manager",1,1,1,1
access_wizard_create_role_from_user,access_wizard_create_role_from_user,model_wizard_create_role_from_user,"base.group_erp_manager",1,1,1,1
access_wizard_groups_into_role,access_wizard_groups_into_role,model_wizard_groups_into_role,"base.group_erp_manager",1,1,1,1
