<?xml version="1.0" ?>
<odoo>
  <record id="demo_work_order_1" model="fieldservice.order">
    <field name="name">Demo Work Order 1</field>
    <field name="priority">2</field>
    <field name="planned_start_datetime">2025-07-27 00:00:00</field>
    <field name="deadline_datetime">2025-08-03 00:00:00</field>
    <field name="planned_duration">56</field>
    <field name="date_start">2025-07-27</field>
    <field name="date_end">2025-08-03</field>
    <field name="description">Emergency repair of critical equipment.</field>
    <field name="work_instructions">Follow software update checklist carefully.</field>
    <field name="location_instructions">Location 719, Room 12</field>
  </record>
  <record id="demo_work_order_2" model="fieldservice.order">
    <field name="name">Demo Work Order 2</field>
    <field name="priority">2</field>
    <field name="planned_start_datetime">2025-05-21 00:00:00</field>
    <field name="deadline_datetime">2025-05-26 00:00:00</field>
    <field name="planned_duration">40</field>
    <field name="date_start">2025-05-21</field>
    <field name="date_end">2025-05-26</field>
    <field name="description">Pest control treatment for storage areas.</field>
    <field name="work_instructions">Replace faulty components as needed.</field>
    <field name="location_instructions">Location 642, Room 29</field>
  </record>
  <record id="demo_work_order_3" model="fieldservice.order">
    <field name="name">Demo Work Order 3</field>
    <field name="priority">2</field>
    <field name="planned_start_datetime">2025-04-27 00:00:00</field>
    <field name="deadline_datetime">2025-04-28 00:00:00</field>
    <field name="planned_duration">8</field>
    <field name="date_start">2025-04-27</field>
    <field name="date_end">2025-04-28</field>
    <field name="description">Software update for production systems.</field>
    <field name="work_instructions">Inspect thoroughly and document findings.</field>
    <field name="location_instructions">Location 98, Room 4</field>
  </record>
  <record id="demo_work_order_4" model="fieldservice.order">
    <field name="name">Demo Work Order 4</field>
    <field name="priority">0</field>
    <field name="planned_start_datetime">2025-04-03 00:00:00</field>
    <field name="deadline_datetime">2025-04-09 00:00:00</field>
    <field name="planned_duration">48</field>
    <field name="date_start">2025-04-03</field>
    <field name="date_end">2025-04-09</field>
    <field name="description">Emergency repair of critical equipment.</field>
    <field name="work_instructions">Perform calibration according to guidelines.</field>
    <field name="location_instructions">Location 216, Room 30</field>
  </record>
  <record id="demo_work_order_5" model="fieldservice.order">
    <field name="name">Demo Work Order 5</field>
    <field name="priority">0</field>
    <field name="planned_start_datetime">2025-05-16 00:00:00</field>
    <field name="deadline_datetime">2025-05-17 00:00:00</field>
    <field name="planned_duration">8</field>
    <field name="date_start">2025-05-16</field>
    <field name="date_end">2025-05-17</field>
    <field name="description">Routine equipment maintenance.</field>
    <field name="work_instructions">Replace faulty components as needed.</field>
    <field name="location_instructions">Location 756, Room 7</field>
  </record>
  <record id="demo_work_order_6" model="fieldservice.order">
    <field name="name">Demo Work Order 6</field>
    <field name="priority">0</field>
    <field name="planned_start_datetime">2025-05-30 00:00:00</field>
    <field name="deadline_datetime">2025-06-02 00:00:00</field>
    <field name="planned_duration">24</field>
    <field name="date_start">2025-05-30</field>
    <field name="date_end">2025-06-02</field>
    <field name="description">Safety inspection of machinery.</field>
    <field name="work_instructions">Follow standard operating procedures.</field>
    <field name="location_instructions">Location 895, Room 48</field>
  </record>
  <record id="demo_work_order_7" model="fieldservice.order">
    <field name="name">Demo Work Order 7</field>
    <field name="priority">0</field>
    <field name="planned_start_datetime">2025-06-12 00:00:00</field>
    <field name="deadline_datetime">2025-06-14 00:00:00</field>
    <field name="planned_duration">16</field>
    <field name="date_start">2025-06-12</field>
    <field name="date_end">2025-06-14</field>
    <field name="description">Annual fire safety equipment check.</field>
    <field name="work_instructions">Follow standard operating procedures.</field>
    <field name="location_instructions">Location 360, Room 47</field>
  </record>
  <record id="demo_work_order_8" model="fieldservice.order">
    <field name="name">Demo Work Order 8</field>
    <field name="priority">1</field>
    <field name="planned_start_datetime">2025-06-16 00:00:00</field>
    <field name="deadline_datetime">2025-06-19 00:00:00</field>
    <field name="planned_duration">24</field>
    <field name="date_start">2025-06-16</field>
    <field name="date_end">2025-06-19</field>
    <field name="description">Calibration of quality control instruments.</field>
    <field name="work_instructions">Apply approved pest control chemicals safely.</field>
    <field name="location_instructions">Location 816, Room 25</field>
  </record>
  <record id="demo_work_order_9" model="fieldservice.order">
    <field name="name">Demo Work Order 9</field>
    <field name="priority">0</field>
    <field name="planned_start_datetime">2025-05-26 00:00:00</field>
    <field name="deadline_datetime">2025-05-31 00:00:00</field>
    <field name="planned_duration">40</field>
    <field name="date_start">2025-05-26</field>
    <field name="date_end">2025-05-31</field>
    <field name="description">Installation of new production line equipment.</field>
    <field name="work_instructions">Upgrade network switches and test connectivity.</field>
    <field name="location_instructions">Location 349, Room 45</field>
  </record>
  <record id="demo_work_order_10" model="fieldservice.order">
    <field name="name">Demo Work Order 10</field>
    <field name="priority">2</field>
    <field name="planned_start_datetime">2025-06-17 00:00:00</field>
    <field name="deadline_datetime">2025-06-21 00:00:00</field>
    <field name="planned_duration">32</field>
    <field name="date_start">2025-06-17</field>
    <field name="date_end">2025-06-21</field>
    <field name="description">Installation of new production line equipment.</field>
    <field name="work_instructions">Ensure compliance with fire safety regulations.</field>
    <field name="location_instructions">Location 546, Room 5</field>
  </record>
  <record id="demo_work_order_11" model="fieldservice.order">
    <field name="name">Demo Work Order 11</field>
    <field name="priority">2</field>
    <field name="planned_start_datetime">2025-06-28 00:00:00</field>
    <field name="deadline_datetime">2025-07-04 00:00:00</field>
    <field name="planned_duration">48</field>
    <field name="date_start">2025-06-28</field>
    <field name="date_end">2025-07-04</field>
    <field name="description">Annual fire safety equipment check.</field>
    <field name="work_instructions">Assemble and calibrate equipment as per manual.</field>
    <field name="location_instructions">Location 397, Room 7</field>
  </record>
  <record id="demo_work_order_12" model="fieldservice.order">
    <field name="name">Demo Work Order 12</field>
    <field name="priority">0</field>
    <field name="planned_start_datetime">2025-04-05 00:00:00</field>
    <field name="deadline_datetime">2025-04-09 00:00:00</field>
    <field name="planned_duration">32</field>
    <field name="date_start">2025-04-05</field>
    <field name="date_end">2025-04-09</field>
    <field name="description">Network infrastructure upgrade.</field>
    <field name="work_instructions">Inspect thoroughly and document findings.</field>
    <field name="location_instructions">Location 7, Room 16</field>
  </record>
  <record id="demo_work_order_13" model="fieldservice.order">
    <field name="name">Demo Work Order 13</field>
    <field name="priority">1</field>
    <field name="planned_start_datetime">2025-05-06 00:00:00</field>
    <field name="deadline_datetime">2025-05-07 00:00:00</field>
    <field name="planned_duration">8</field>
    <field name="date_start">2025-05-06</field>
    <field name="date_end">2025-05-07</field>
    <field name="description">Network infrastructure upgrade.</field>
    <field name="work_instructions">Apply safety measures during the task.</field>
    <field name="location_instructions">Location 888, Room 2</field>
  </record>
  <record id="demo_work_order_14" model="fieldservice.order">
    <field name="name">Demo Work Order 14</field>
    <field name="priority">1</field>
    <field name="planned_start_datetime">2025-05-28 00:00:00</field>
    <field name="deadline_datetime">2025-06-04 00:00:00</field>
    <field name="planned_duration">56</field>
    <field name="date_start">2025-05-28</field>
    <field name="date_end">2025-06-04</field>
    <field name="description">Calibration of quality control instruments.</field>
    <field name="work_instructions">Replace faulty components as needed.</field>
    <field name="location_instructions">Location 402, Room 50</field>
  </record>
  <record id="demo_work_order_15" model="fieldservice.order">
    <field name="name">Demo Work Order 15</field>
    <field name="priority">0</field>
    <field name="planned_start_datetime">2025-04-01 00:00:00</field>
    <field name="deadline_datetime">2025-04-07 00:00:00</field>
    <field name="planned_duration">48</field>
    <field name="date_start">2025-04-01</field>
    <field name="date_end">2025-04-07</field>
    <field name="description">Calibration of quality control instruments.</field>
    <field name="work_instructions">Apply safety measures during the task.</field>
    <field name="location_instructions">Location 313, Room 40</field>
  </record>
  <record id="demo_work_order_16" model="fieldservice.order">
    <field name="name">Demo Work Order 16</field>
    <field name="priority">2</field>
    <field name="planned_start_datetime">2025-04-13 00:00:00</field>
    <field name="deadline_datetime">2025-04-15 00:00:00</field>
    <field name="planned_duration">16</field>
    <field name="date_start">2025-04-13</field>
    <field name="date_end">2025-04-15</field>
    <field name="description">Emergency repair of critical equipment.</field>
    <field name="work_instructions">Apply approved pest control chemicals safely.</field>
    <field name="location_instructions">Location 386, Room 50</field>
  </record>
  <record id="demo_work_order_17" model="fieldservice.order">
    <field name="name">Demo Work Order 17</field>
    <field name="priority">1</field>
    <field name="planned_start_datetime">2025-04-18 00:00:00</field>
    <field name="deadline_datetime">2025-04-21 00:00:00</field>
    <field name="planned_duration">24</field>
    <field name="date_start">2025-04-18</field>
    <field name="date_end">2025-04-21</field>
    <field name="description">Software update for production systems.</field>
    <field name="work_instructions">Replace faulty components as needed.</field>
    <field name="location_instructions">Location 47, Room 35</field>
  </record>
  <record id="demo_work_order_18" model="fieldservice.order">
    <field name="name">Demo Work Order 18</field>
    <field name="priority">0</field>
    <field name="planned_start_datetime">2025-05-20 00:00:00</field>
    <field name="deadline_datetime">2025-05-25 00:00:00</field>
    <field name="planned_duration">40</field>
    <field name="date_start">2025-05-20</field>
    <field name="date_end">2025-05-25</field>
    <field name="description">Emergency repair of critical equipment.</field>
    <field name="work_instructions">Assemble and calibrate equipment as per manual.</field>
    <field name="location_instructions">Location 70, Room 28</field>
  </record>
  <record id="demo_work_order_19" model="fieldservice.order">
    <field name="name">Demo Work Order 19</field>
    <field name="priority">1</field>
    <field name="planned_start_datetime">2025-04-21 00:00:00</field>
    <field name="deadline_datetime">2025-04-27 00:00:00</field>
    <field name="planned_duration">48</field>
    <field name="date_start">2025-04-21</field>
    <field name="date_end">2025-04-27</field>
    <field name="description">Annual fire safety equipment check.</field>
    <field name="work_instructions">Follow software update checklist carefully.</field>
    <field name="location_instructions">Location 94, Room 3</field>
  </record>
  <record id="demo_work_order_20" model="fieldservice.order">
    <field name="name">Demo Work Order 20</field>
    <field name="priority">1</field>
    <field name="planned_start_datetime">2025-05-28 00:00:00</field>
    <field name="deadline_datetime">2025-06-01 00:00:00</field>
    <field name="planned_duration">32</field>
    <field name="date_start">2025-05-28</field>
    <field name="date_end">2025-06-01</field>
    <field name="description">Installation of new production line equipment.</field>
    <field name="work_instructions">Inspect thoroughly and document findings.</field>
    <field name="location_instructions">Location 829, Room 18</field>
  </record>
  <record id="demo_work_order_21" model="fieldservice.order">
    <field name="name">Demo Work Order 21</field>
    <field name="priority">1</field>
    <field name="planned_start_datetime">2025-04-23 00:00:00</field>
    <field name="deadline_datetime">2025-04-25 00:00:00</field>
    <field name="planned_duration">16</field>
    <field name="date_start">2025-04-23</field>
    <field name="date_end">2025-04-25</field>
    <field name="description">Software update for production systems.</field>
    <field name="work_instructions">Apply safety measures during the task.</field>
    <field name="location_instructions">Location 247, Room 15</field>
  </record>
  <record id="demo_work_order_22" model="fieldservice.order">
    <field name="name">Demo Work Order 22</field>
    <field name="priority">2</field>
    <field name="planned_start_datetime">2025-05-09 00:00:00</field>
    <field name="deadline_datetime">2025-05-13 00:00:00</field>
    <field name="planned_duration">32</field>
    <field name="date_start">2025-05-09</field>
    <field name="date_end">2025-05-13</field>
    <field name="description">Installation of new production line equipment.</field>
    <field name="work_instructions">Apply safety measures during the task.</field>
    <field name="location_instructions">Location 571, Room 41</field>
  </record>
  <record id="demo_work_order_23" model="fieldservice.order">
    <field name="name">Demo Work Order 23</field>
    <field name="priority">0</field>
    <field name="planned_start_datetime">2025-07-14 00:00:00</field>
    <field name="deadline_datetime">2025-07-21 00:00:00</field>
    <field name="planned_duration">56</field>
    <field name="date_start">2025-07-14</field>
    <field name="date_end">2025-07-21</field>
    <field name="description">Annual fire safety equipment check.</field>
    <field name="work_instructions">Perform calibration according to guidelines.</field>
    <field name="location_instructions">Location 793, Room 23</field>
  </record>
  <record id="demo_work_order_24" model="fieldservice.order">
    <field name="name">Demo Work Order 24</field>
    <field name="priority">0</field>
    <field name="planned_start_datetime">2025-04-09 00:00:00</field>
    <field name="deadline_datetime">2025-04-12 00:00:00</field>
    <field name="planned_duration">24</field>
    <field name="date_start">2025-04-09</field>
    <field name="date_end">2025-04-12</field>
    <field name="description">Pest control treatment for storage areas.</field>
    <field name="work_instructions">Inspect thoroughly and document findings.</field>
    <field name="location_instructions">Location 512, Room 12</field>
  </record>
  <record id="demo_work_order_25" model="fieldservice.order">
    <field name="name">Demo Work Order 25</field>
    <field name="priority">0</field>
    <field name="planned_start_datetime">2025-05-11 00:00:00</field>
    <field name="deadline_datetime">2025-05-17 00:00:00</field>
    <field name="planned_duration">48</field>
    <field name="date_start">2025-05-11</field>
    <field name="date_end">2025-05-17</field>
    <field name="description">Calibration of quality control instruments.</field>
    <field name="work_instructions">Ensure compliance with fire safety regulations.</field>
    <field name="location_instructions">Location 840, Room 47</field>
  </record>
  <record id="demo_work_order_26" model="fieldservice.order">
    <field name="name">Demo Work Order 26</field>
    <field name="priority">2</field>
    <field name="planned_start_datetime">2025-06-24 00:00:00</field>
    <field name="deadline_datetime">2025-07-01 00:00:00</field>
    <field name="planned_duration">56</field>
    <field name="date_start">2025-06-24</field>
    <field name="date_end">2025-07-01</field>
    <field name="description">Routine equipment maintenance.</field>
    <field name="work_instructions">Assemble and calibrate equipment as per manual.</field>
    <field name="location_instructions">Location 608, Room 17</field>
  </record>
  <record id="demo_work_order_27" model="fieldservice.order">
    <field name="name">Demo Work Order 27</field>
    <field name="priority">1</field>
    <field name="planned_start_datetime">2025-07-16 00:00:00</field>
    <field name="deadline_datetime">2025-07-22 00:00:00</field>
    <field name="planned_duration">48</field>
    <field name="date_start">2025-07-16</field>
    <field name="date_end">2025-07-22</field>
    <field name="description">Scheduled HVAC system maintenance.</field>
    <field name="work_instructions">Apply approved pest control chemicals safely.</field>
    <field name="location_instructions">Location 669, Room 42</field>
  </record>
  <record id="demo_work_order_28" model="fieldservice.order">
    <field name="name">Demo Work Order 28</field>
    <field name="priority">0</field>
    <field name="planned_start_datetime">2025-04-10 00:00:00</field>
    <field name="deadline_datetime">2025-04-14 00:00:00</field>
    <field name="planned_duration">32</field>
    <field name="date_start">2025-04-10</field>
    <field name="date_end">2025-04-14</field>
    <field name="description">Safety inspection of machinery.</field>
    <field name="work_instructions">Assemble and calibrate equipment as per manual.</field>
    <field name="location_instructions">Location 663, Room 48</field>
  </record>
  <record id="demo_work_order_29" model="fieldservice.order">
    <field name="name">Demo Work Order 29</field>
    <field name="priority">0</field>
    <field name="planned_start_datetime">2025-04-17 00:00:00</field>
    <field name="deadline_datetime">2025-04-19 00:00:00</field>
    <field name="planned_duration">16</field>
    <field name="date_start">2025-04-17</field>
    <field name="date_end">2025-04-19</field>
    <field name="description">Pest control treatment for storage areas.</field>
    <field name="work_instructions">Perform calibration according to guidelines.</field>
    <field name="location_instructions">Location 876, Room 20</field>
  </record>
  <record id="demo_work_order_30" model="fieldservice.order">
    <field name="name">Demo Work Order 30</field>
    <field name="priority">1</field>
    <field name="planned_start_datetime">2025-04-27 00:00:00</field>
    <field name="deadline_datetime">2025-05-01 00:00:00</field>
    <field name="planned_duration">32</field>
    <field name="date_start">2025-04-27</field>
    <field name="date_end">2025-05-01</field>
    <field name="description">Pest control treatment for storage areas.</field>
    <field name="work_instructions">Perform calibration according to guidelines.</field>
    <field name="location_instructions">Location 298, Room 22</field>
  </record>
  <record id="demo_work_order_31" model="fieldservice.order">
    <field name="name">Demo Work Order 31</field>
    <field name="priority">1</field>
    <field name="planned_start_datetime">2025-04-01 00:00:00</field>
    <field name="deadline_datetime">2025-04-04 00:00:00</field>
    <field name="planned_duration">24</field>
    <field name="date_start">2025-04-01</field>
    <field name="date_end">2025-04-04</field>
    <field name="description">Safety inspection of machinery.</field>
    <field name="work_instructions">Inspect thoroughly and document findings.</field>
    <field name="location_instructions">Location 528, Room 6</field>
  </record>
  <record id="demo_work_order_32" model="fieldservice.order">
    <field name="name">Demo Work Order 32</field>
    <field name="priority">1</field>
    <field name="planned_start_datetime">2025-06-20 00:00:00</field>
    <field name="deadline_datetime">2025-06-26 00:00:00</field>
    <field name="planned_duration">48</field>
    <field name="date_start">2025-06-20</field>
    <field name="date_end">2025-06-26</field>
    <field name="description">Pest control treatment for storage areas.</field>
    <field name="work_instructions">Upgrade network switches and test connectivity.</field>
    <field name="location_instructions">Location 962, Room 39</field>
  </record>
  <record id="demo_work_order_33" model="fieldservice.order">
    <field name="name">Demo Work Order 33</field>
    <field name="priority">2</field>
    <field name="planned_start_datetime">2025-05-05 00:00:00</field>
    <field name="deadline_datetime">2025-05-07 00:00:00</field>
    <field name="planned_duration">16</field>
    <field name="date_start">2025-05-05</field>
    <field name="date_end">2025-05-07</field>
    <field name="description">Emergency repair of critical equipment.</field>
    <field name="work_instructions">Ensure compliance with fire safety regulations.</field>
    <field name="location_instructions">Location 810, Room 46</field>
  </record>
  <record id="demo_work_order_34" model="fieldservice.order">
    <field name="name">Demo Work Order 34</field>
    <field name="priority">1</field>
    <field name="planned_start_datetime">2025-06-14 00:00:00</field>
    <field name="deadline_datetime">2025-06-15 00:00:00</field>
    <field name="planned_duration">8</field>
    <field name="date_start">2025-06-14</field>
    <field name="date_end">2025-06-15</field>
    <field name="description">Routine equipment maintenance.</field>
    <field name="work_instructions">Apply approved pest control chemicals safely.</field>
    <field name="location_instructions">Location 125, Room 10</field>
  </record>
  <record id="demo_work_order_35" model="fieldservice.order">
    <field name="name">Demo Work Order 35</field>
    <field name="priority">2</field>
    <field name="planned_start_datetime">2025-07-06 00:00:00</field>
    <field name="deadline_datetime">2025-07-10 00:00:00</field>
    <field name="planned_duration">32</field>
    <field name="date_start">2025-07-06</field>
    <field name="date_end">2025-07-10</field>
    <field name="description">Calibration of quality control instruments.</field>
    <field name="work_instructions">Apply approved pest control chemicals safely.</field>
    <field name="location_instructions">Location 296, Room 50</field>
  </record>
  <record id="demo_work_order_36" model="fieldservice.order">
    <field name="name">Demo Work Order 36</field>
    <field name="priority">0</field>
    <field name="planned_start_datetime">2025-07-17 00:00:00</field>
    <field name="deadline_datetime">2025-07-23 00:00:00</field>
    <field name="planned_duration">48</field>
    <field name="date_start">2025-07-17</field>
    <field name="date_end">2025-07-23</field>
    <field name="description">Routine equipment maintenance.</field>
    <field name="work_instructions">Replace faulty components as needed.</field>
    <field name="location_instructions">Location 510, Room 37</field>
  </record>
  <record id="demo_work_order_37" model="fieldservice.order">
    <field name="name">Demo Work Order 37</field>
    <field name="priority">0</field>
    <field name="planned_start_datetime">2025-04-05 00:00:00</field>
    <field name="deadline_datetime">2025-04-06 00:00:00</field>
    <field name="planned_duration">8</field>
    <field name="date_start">2025-04-05</field>
    <field name="date_end">2025-04-06</field>
    <field name="description">Network infrastructure upgrade.</field>
    <field name="work_instructions">Assemble and calibrate equipment as per manual.</field>
    <field name="location_instructions">Location 935, Room 17</field>
  </record>
  <record id="demo_work_order_38" model="fieldservice.order">
    <field name="name">Demo Work Order 38</field>
    <field name="priority">2</field>
    <field name="planned_start_datetime">2025-04-14 00:00:00</field>
    <field name="deadline_datetime">2025-04-15 00:00:00</field>
    <field name="planned_duration">8</field>
    <field name="date_start">2025-04-14</field>
    <field name="date_end">2025-04-15</field>
    <field name="description">Network infrastructure upgrade.</field>
    <field name="work_instructions">Replace faulty components as needed.</field>
    <field name="location_instructions">Location 805, Room 47</field>
  </record>
  <record id="demo_work_order_39" model="fieldservice.order">
    <field name="name">Demo Work Order 39</field>
    <field name="priority">1</field>
    <field name="planned_start_datetime">2025-06-03 00:00:00</field>
    <field name="deadline_datetime">2025-06-06 00:00:00</field>
    <field name="planned_duration">24</field>
    <field name="date_start">2025-06-03</field>
    <field name="date_end">2025-06-06</field>
    <field name="description">Software update for production systems.</field>
    <field name="work_instructions">Perform calibration according to guidelines.</field>
    <field name="location_instructions">Location 148, Room 24</field>
  </record>
  <record id="demo_work_order_40" model="fieldservice.order">
    <field name="name">Demo Work Order 40</field>
    <field name="priority">0</field>
    <field name="planned_start_datetime">2025-05-05 00:00:00</field>
    <field name="deadline_datetime">2025-05-07 00:00:00</field>
    <field name="planned_duration">16</field>
    <field name="date_start">2025-05-05</field>
    <field name="date_end">2025-05-07</field>
    <field name="description">Routine equipment maintenance.</field>
    <field name="work_instructions">Follow standard operating procedures.</field>
    <field name="location_instructions">Location 207, Room 41</field>
  </record>
  <record id="demo_work_order_41" model="fieldservice.order">
    <field name="name">Demo Work Order 41</field>
    <field name="priority">0</field>
    <field name="planned_start_datetime">2025-06-03 00:00:00</field>
    <field name="deadline_datetime">2025-06-08 00:00:00</field>
    <field name="planned_duration">40</field>
    <field name="date_start">2025-06-03</field>
    <field name="date_end">2025-06-08</field>
    <field name="description">Network infrastructure upgrade.</field>
    <field name="work_instructions">Replace faulty components as needed.</field>
    <field name="location_instructions">Location 997, Room 8</field>
  </record>
  <record id="demo_work_order_42" model="fieldservice.order">
    <field name="name">Demo Work Order 42</field>
    <field name="priority">0</field>
    <field name="planned_start_datetime">2025-04-17 00:00:00</field>
    <field name="deadline_datetime">2025-04-21 00:00:00</field>
    <field name="planned_duration">32</field>
    <field name="date_start">2025-04-17</field>
    <field name="date_end">2025-04-21</field>
    <field name="description">Routine equipment maintenance.</field>
    <field name="work_instructions">Inspect thoroughly and document findings.</field>
    <field name="location_instructions">Location 229, Room 36</field>
  </record>
  <record id="demo_work_order_43" model="fieldservice.order">
    <field name="name">Demo Work Order 43</field>
    <field name="priority">1</field>
    <field name="planned_start_datetime">2025-06-22 00:00:00</field>
    <field name="deadline_datetime">2025-06-29 00:00:00</field>
    <field name="planned_duration">56</field>
    <field name="date_start">2025-06-22</field>
    <field name="date_end">2025-06-29</field>
    <field name="description">Installation of new production line equipment.</field>
    <field name="work_instructions">Apply safety measures during the task.</field>
    <field name="location_instructions">Location 136, Room 25</field>
  </record>
  <record id="demo_work_order_44" model="fieldservice.order">
    <field name="name">Demo Work Order 44</field>
    <field name="priority">1</field>
    <field name="planned_start_datetime">2025-07-23 00:00:00</field>
    <field name="deadline_datetime">2025-07-28 00:00:00</field>
    <field name="planned_duration">40</field>
    <field name="date_start">2025-07-23</field>
    <field name="date_end">2025-07-28</field>
    <field name="description">Safety inspection of machinery.</field>
    <field name="work_instructions">Assemble and calibrate equipment as per manual.</field>
    <field name="location_instructions">Location 689, Room 8</field>
  </record>
  <record id="demo_work_order_45" model="fieldservice.order">
    <field name="name">Demo Work Order 45</field>
    <field name="priority">0</field>
    <field name="planned_start_datetime">2025-07-03 00:00:00</field>
    <field name="deadline_datetime">2025-07-06 00:00:00</field>
    <field name="planned_duration">24</field>
    <field name="date_start">2025-07-03</field>
    <field name="date_end">2025-07-06</field>
    <field name="description">Software update for production systems.</field>
    <field name="work_instructions">Apply safety measures during the task.</field>
    <field name="location_instructions">Location 551, Room 27</field>
  </record>
  <record id="demo_work_order_46" model="fieldservice.order">
    <field name="name">Demo Work Order 46</field>
    <field name="priority">1</field>
    <field name="planned_start_datetime">2025-07-28 00:00:00</field>
    <field name="deadline_datetime">2025-08-04 00:00:00</field>
    <field name="planned_duration">56</field>
    <field name="date_start">2025-07-28</field>
    <field name="date_end">2025-08-04</field>
    <field name="description">Installation of new production line equipment.</field>
    <field name="work_instructions">Replace faulty components as needed.</field>
    <field name="location_instructions">Location 319, Room 18</field>
  </record>
  <record id="demo_work_order_47" model="fieldservice.order">
    <field name="name">Demo Work Order 47</field>
    <field name="priority">0</field>
    <field name="planned_start_datetime">2025-06-04 00:00:00</field>
    <field name="deadline_datetime">2025-06-06 00:00:00</field>
    <field name="planned_duration">16</field>
    <field name="date_start">2025-06-04</field>
    <field name="date_end">2025-06-06</field>
    <field name="description">Emergency repair of critical equipment.</field>
    <field name="work_instructions">Assemble and calibrate equipment as per manual.</field>
    <field name="location_instructions">Location 262, Room 18</field>
  </record>
  <record id="demo_work_order_48" model="fieldservice.order">
    <field name="name">Demo Work Order 48</field>
    <field name="priority">1</field>
    <field name="planned_start_datetime">2025-04-06 00:00:00</field>
    <field name="deadline_datetime">2025-04-09 00:00:00</field>
    <field name="planned_duration">24</field>
    <field name="date_start">2025-04-06</field>
    <field name="date_end">2025-04-09</field>
    <field name="description">Routine equipment maintenance.</field>
    <field name="work_instructions">Follow software update checklist carefully.</field>
    <field name="location_instructions">Location 308, Room 44</field>
  </record>
  <record id="demo_work_order_49" model="fieldservice.order">
    <field name="name">Demo Work Order 49</field>
    <field name="priority">0</field>
    <field name="planned_start_datetime">2025-07-09 00:00:00</field>
    <field name="deadline_datetime">2025-07-10 00:00:00</field>
    <field name="planned_duration">8</field>
    <field name="date_start">2025-07-09</field>
    <field name="date_end">2025-07-10</field>
    <field name="description">Annual fire safety equipment check.</field>
    <field name="work_instructions">Inspect thoroughly and document findings.</field>
    <field name="location_instructions">Location 732, Room 21</field>
  </record>
  <record id="demo_work_order_50" model="fieldservice.order">
    <field name="name">Demo Work Order 50</field>
    <field name="priority">2</field>
    <field name="planned_start_datetime">2025-06-20 00:00:00</field>
    <field name="deadline_datetime">2025-06-23 00:00:00</field>
    <field name="planned_duration">24</field>
    <field name="date_start">2025-06-20</field>
    <field name="date_end">2025-06-23</field>
    <field name="description">Annual fire safety equipment check.</field>
    <field name="work_instructions">Upgrade network switches and test connectivity.</field>
    <field name="location_instructions">Location 56, Room 43</field>
  </record>
  <record id="demo_work_order_51" model="fieldservice.order">
    <field name="name">Demo Work Order 51</field>
    <field name="priority">1</field>
    <field name="planned_start_datetime">2025-04-03 00:00:00</field>
    <field name="deadline_datetime">2025-04-08 00:00:00</field>
    <field name="planned_duration">40</field>
    <field name="date_start">2025-04-03</field>
    <field name="date_end">2025-04-08</field>
    <field name="description">Calibration of quality control instruments.</field>
    <field name="work_instructions">Apply approved pest control chemicals safely.</field>
    <field name="location_instructions">Location 905, Room 49</field>
  </record>
  <record id="demo_work_order_52" model="fieldservice.order">
    <field name="name">Demo Work Order 52</field>
    <field name="priority">1</field>
    <field name="planned_start_datetime">2025-04-07 00:00:00</field>
    <field name="deadline_datetime">2025-04-08 00:00:00</field>
    <field name="planned_duration">8</field>
    <field name="date_start">2025-04-07</field>
    <field name="date_end">2025-04-08</field>
    <field name="description">Calibration of quality control instruments.</field>
    <field name="work_instructions">Ensure compliance with fire safety regulations.</field>
    <field name="location_instructions">Location 923, Room 49</field>
  </record>
  <record id="demo_work_order_53" model="fieldservice.order">
    <field name="name">Demo Work Order 53</field>
    <field name="priority">2</field>
    <field name="planned_start_datetime">2025-04-18 00:00:00</field>
    <field name="deadline_datetime">2025-04-21 00:00:00</field>
    <field name="planned_duration">24</field>
    <field name="date_start">2025-04-18</field>
    <field name="date_end">2025-04-21</field>
    <field name="description">Calibration of quality control instruments.</field>
    <field name="work_instructions">Apply safety measures during the task.</field>
    <field name="location_instructions">Location 691, Room 7</field>
  </record>
  <record id="demo_work_order_54" model="fieldservice.order">
    <field name="name">Demo Work Order 54</field>
    <field name="priority">0</field>
    <field name="planned_start_datetime">2025-04-26 00:00:00</field>
    <field name="deadline_datetime">2025-05-02 00:00:00</field>
    <field name="planned_duration">48</field>
    <field name="date_start">2025-04-26</field>
    <field name="date_end">2025-05-02</field>
    <field name="description">Pest control treatment for storage areas.</field>
    <field name="work_instructions">Follow standard operating procedures.</field>
    <field name="location_instructions">Location 418, Room 30</field>
  </record>
  <record id="demo_work_order_55" model="fieldservice.order">
    <field name="name">Demo Work Order 55</field>
    <field name="priority">2</field>
    <field name="planned_start_datetime">2025-07-14 00:00:00</field>
    <field name="deadline_datetime">2025-07-16 00:00:00</field>
    <field name="planned_duration">16</field>
    <field name="date_start">2025-07-14</field>
    <field name="date_end">2025-07-16</field>
    <field name="description">Routine equipment maintenance.</field>
    <field name="work_instructions">Inspect thoroughly and document findings.</field>
    <field name="location_instructions">Location 590, Room 26</field>
  </record>
  <record id="demo_work_order_56" model="fieldservice.order">
    <field name="name">Demo Work Order 56</field>
    <field name="priority">0</field>
    <field name="planned_start_datetime">2025-04-26 00:00:00</field>
    <field name="deadline_datetime">2025-05-01 00:00:00</field>
    <field name="planned_duration">40</field>
    <field name="date_start">2025-04-26</field>
    <field name="date_end">2025-05-01</field>
    <field name="description">Calibration of quality control instruments.</field>
    <field name="work_instructions">Apply approved pest control chemicals safely.</field>
    <field name="location_instructions">Location 155, Room 29</field>
  </record>
  <record id="demo_work_order_57" model="fieldservice.order">
    <field name="name">Demo Work Order 57</field>
    <field name="priority">1</field>
    <field name="planned_start_datetime">2025-04-09 00:00:00</field>
    <field name="deadline_datetime">2025-04-11 00:00:00</field>
    <field name="planned_duration">16</field>
    <field name="date_start">2025-04-09</field>
    <field name="date_end">2025-04-11</field>
    <field name="description">Safety inspection of machinery.</field>
    <field name="work_instructions">Follow software update checklist carefully.</field>
    <field name="location_instructions">Location 127, Room 38</field>
  </record>
  <record id="demo_work_order_58" model="fieldservice.order">
    <field name="name">Demo Work Order 58</field>
    <field name="priority">0</field>
    <field name="planned_start_datetime">2025-06-08 00:00:00</field>
    <field name="deadline_datetime">2025-06-14 00:00:00</field>
    <field name="planned_duration">48</field>
    <field name="date_start">2025-06-08</field>
    <field name="date_end">2025-06-14</field>
    <field name="description">Installation of new production line equipment.</field>
    <field name="work_instructions">Ensure compliance with fire safety regulations.</field>
    <field name="location_instructions">Location 40, Room 21</field>
  </record>
  <record id="demo_work_order_59" model="fieldservice.order">
    <field name="name">Demo Work Order 59</field>
    <field name="priority">1</field>
    <field name="planned_start_datetime">2025-07-20 00:00:00</field>
    <field name="deadline_datetime">2025-07-24 00:00:00</field>
    <field name="planned_duration">32</field>
    <field name="date_start">2025-07-20</field>
    <field name="date_end">2025-07-24</field>
    <field name="description">Scheduled HVAC system maintenance.</field>
    <field name="work_instructions">Follow software update checklist carefully.</field>
    <field name="location_instructions">Location 40, Room 48</field>
  </record>
  <record id="demo_work_order_60" model="fieldservice.order">
    <field name="name">Demo Work Order 60</field>
    <field name="priority">0</field>
    <field name="planned_start_datetime">2025-06-03 00:00:00</field>
    <field name="deadline_datetime">2025-06-09 00:00:00</field>
    <field name="planned_duration">48</field>
    <field name="date_start">2025-06-03</field>
    <field name="date_end">2025-06-09</field>
    <field name="description">Scheduled HVAC system maintenance.</field>
    <field name="work_instructions">Apply approved pest control chemicals safely.</field>
    <field name="location_instructions">Location 626, Room 15</field>
  </record>
  <record id="demo_work_order_61" model="fieldservice.order">
    <field name="name">Demo Work Order 61</field>
    <field name="priority">0</field>
    <field name="planned_start_datetime">2025-07-13 00:00:00</field>
    <field name="deadline_datetime">2025-07-19 00:00:00</field>
    <field name="planned_duration">48</field>
    <field name="date_start">2025-07-13</field>
    <field name="date_end">2025-07-19</field>
    <field name="description">Annual fire safety equipment check.</field>
    <field name="work_instructions">Follow software update checklist carefully.</field>
    <field name="location_instructions">Location 325, Room 3</field>
  </record>
  <record id="demo_work_order_62" model="fieldservice.order">
    <field name="name">Demo Work Order 62</field>
    <field name="priority">2</field>
    <field name="planned_start_datetime">2025-06-29 00:00:00</field>
    <field name="deadline_datetime">2025-07-06 00:00:00</field>
    <field name="planned_duration">56</field>
    <field name="date_start">2025-06-29</field>
    <field name="date_end">2025-07-06</field>
    <field name="description">Emergency repair of critical equipment.</field>
    <field name="work_instructions">Apply safety measures during the task.</field>
    <field name="location_instructions">Location 193, Room 33</field>
  </record>
  <record id="demo_work_order_63" model="fieldservice.order">
    <field name="name">Demo Work Order 63</field>
    <field name="priority">1</field>
    <field name="planned_start_datetime">2025-05-18 00:00:00</field>
    <field name="deadline_datetime">2025-05-24 00:00:00</field>
    <field name="planned_duration">48</field>
    <field name="date_start">2025-05-18</field>
    <field name="date_end">2025-05-24</field>
    <field name="description">Software update for production systems.</field>
    <field name="work_instructions">Assemble and calibrate equipment as per manual.</field>
    <field name="location_instructions">Location 328, Room 3</field>
  </record>
  <record id="demo_work_order_64" model="fieldservice.order">
    <field name="name">Demo Work Order 64</field>
    <field name="priority">1</field>
    <field name="planned_start_datetime">2025-04-18 00:00:00</field>
    <field name="deadline_datetime">2025-04-21 00:00:00</field>
    <field name="planned_duration">24</field>
    <field name="date_start">2025-04-18</field>
    <field name="date_end">2025-04-21</field>
    <field name="description">Emergency repair of critical equipment.</field>
    <field name="work_instructions">Replace faulty components as needed.</field>
    <field name="location_instructions">Location 182, Room 48</field>
  </record>
  <record id="demo_work_order_65" model="fieldservice.order">
    <field name="name">Demo Work Order 65</field>
    <field name="priority">0</field>
    <field name="planned_start_datetime">2025-04-11 00:00:00</field>
    <field name="deadline_datetime">2025-04-12 00:00:00</field>
    <field name="planned_duration">8</field>
    <field name="date_start">2025-04-11</field>
    <field name="date_end">2025-04-12</field>
    <field name="description">Installation of new production line equipment.</field>
    <field name="work_instructions">Upgrade network switches and test connectivity.</field>
    <field name="location_instructions">Location 798, Room 12</field>
  </record>
  <record id="demo_work_order_66" model="fieldservice.order">
    <field name="name">Demo Work Order 66</field>
    <field name="priority">0</field>
    <field name="planned_start_datetime">2025-07-07 00:00:00</field>
    <field name="deadline_datetime">2025-07-12 00:00:00</field>
    <field name="planned_duration">40</field>
    <field name="date_start">2025-07-07</field>
    <field name="date_end">2025-07-12</field>
    <field name="description">Installation of new production line equipment.</field>
    <field name="work_instructions">Assemble and calibrate equipment as per manual.</field>
    <field name="location_instructions">Location 598, Room 6</field>
  </record>
  <record id="demo_work_order_67" model="fieldservice.order">
    <field name="name">Demo Work Order 67</field>
    <field name="priority">0</field>
    <field name="planned_start_datetime">2025-06-22 00:00:00</field>
    <field name="deadline_datetime">2025-06-25 00:00:00</field>
    <field name="planned_duration">24</field>
    <field name="date_start">2025-06-22</field>
    <field name="date_end">2025-06-25</field>
    <field name="description">Scheduled HVAC system maintenance.</field>
    <field name="work_instructions">Assemble and calibrate equipment as per manual.</field>
    <field name="location_instructions">Location 794, Room 44</field>
  </record>
  <record id="demo_work_order_68" model="fieldservice.order">
    <field name="name">Demo Work Order 68</field>
    <field name="priority">0</field>
    <field name="planned_start_datetime">2025-06-25 00:00:00</field>
    <field name="deadline_datetime">2025-07-01 00:00:00</field>
    <field name="planned_duration">48</field>
    <field name="date_start">2025-06-25</field>
    <field name="date_end">2025-07-01</field>
    <field name="description">Scheduled HVAC system maintenance.</field>
    <field name="work_instructions">Perform calibration according to guidelines.</field>
    <field name="location_instructions">Location 392, Room 41</field>
  </record>
  <record id="demo_work_order_69" model="fieldservice.order">
    <field name="name">Demo Work Order 69</field>
    <field name="priority">1</field>
    <field name="planned_start_datetime">2025-07-10 00:00:00</field>
    <field name="deadline_datetime">2025-07-11 00:00:00</field>
    <field name="planned_duration">8</field>
    <field name="date_start">2025-07-10</field>
    <field name="date_end">2025-07-11</field>
    <field name="description">Installation of new production line equipment.</field>
    <field name="work_instructions">Upgrade network switches and test connectivity.</field>
    <field name="location_instructions">Location 299, Room 9</field>
  </record>
  <record id="demo_work_order_70" model="fieldservice.order">
    <field name="name">Demo Work Order 70</field>
    <field name="priority">0</field>
    <field name="planned_start_datetime">2025-04-07 00:00:00</field>
    <field name="deadline_datetime">2025-04-11 00:00:00</field>
    <field name="planned_duration">32</field>
    <field name="date_start">2025-04-07</field>
    <field name="date_end">2025-04-11</field>
    <field name="description">Installation of new production line equipment.</field>
    <field name="work_instructions">Follow standard operating procedures.</field>
    <field name="location_instructions">Location 979, Room 15</field>
  </record>
  <record id="demo_work_order_71" model="fieldservice.order">
    <field name="name">Demo Work Order 71</field>
    <field name="priority">2</field>
    <field name="planned_start_datetime">2025-06-18 00:00:00</field>
    <field name="deadline_datetime">2025-06-25 00:00:00</field>
    <field name="planned_duration">56</field>
    <field name="date_start">2025-06-18</field>
    <field name="date_end">2025-06-25</field>
    <field name="description">Safety inspection of machinery.</field>
    <field name="work_instructions">Assemble and calibrate equipment as per manual.</field>
    <field name="location_instructions">Location 715, Room 48</field>
  </record>
  <record id="demo_work_order_72" model="fieldservice.order">
    <field name="name">Demo Work Order 72</field>
    <field name="priority">2</field>
    <field name="planned_start_datetime">2025-06-14 00:00:00</field>
    <field name="deadline_datetime">2025-06-15 00:00:00</field>
    <field name="planned_duration">8</field>
    <field name="date_start">2025-06-14</field>
    <field name="date_end">2025-06-15</field>
    <field name="description">Installation of new production line equipment.</field>
    <field name="work_instructions">Perform calibration according to guidelines.</field>
    <field name="location_instructions">Location 490, Room 30</field>
  </record>
  <record id="demo_work_order_73" model="fieldservice.order">
    <field name="name">Demo Work Order 73</field>
    <field name="priority">2</field>
    <field name="planned_start_datetime">2025-06-29 00:00:00</field>
    <field name="deadline_datetime">2025-06-30 00:00:00</field>
    <field name="planned_duration">8</field>
    <field name="date_start">2025-06-29</field>
    <field name="date_end">2025-06-30</field>
    <field name="description">Safety inspection of machinery.</field>
    <field name="work_instructions">Follow software update checklist carefully.</field>
    <field name="location_instructions">Location 303, Room 31</field>
  </record>
  <record id="demo_work_order_74" model="fieldservice.order">
    <field name="name">Demo Work Order 74</field>
    <field name="priority">0</field>
    <field name="planned_start_datetime">2025-05-29 00:00:00</field>
    <field name="deadline_datetime">2025-06-01 00:00:00</field>
    <field name="planned_duration">24</field>
    <field name="date_start">2025-05-29</field>
    <field name="date_end">2025-06-01</field>
    <field name="description">Software update for production systems.</field>
    <field name="work_instructions">Inspect thoroughly and document findings.</field>
    <field name="location_instructions">Location 238, Room 40</field>
  </record>
  <record id="demo_work_order_75" model="fieldservice.order">
    <field name="name">Demo Work Order 75</field>
    <field name="priority">2</field>
    <field name="planned_start_datetime">2025-06-13 00:00:00</field>
    <field name="deadline_datetime">2025-06-15 00:00:00</field>
    <field name="planned_duration">16</field>
    <field name="date_start">2025-06-13</field>
    <field name="date_end">2025-06-15</field>
    <field name="description">Safety inspection of machinery.</field>
    <field name="work_instructions">Replace faulty components as needed.</field>
    <field name="location_instructions">Location 368, Room 37</field>
  </record>
  <record id="demo_work_order_76" model="fieldservice.order">
    <field name="name">Demo Work Order 76</field>
    <field name="priority">2</field>
    <field name="planned_start_datetime">2025-05-02 00:00:00</field>
    <field name="deadline_datetime">2025-05-08 00:00:00</field>
    <field name="planned_duration">48</field>
    <field name="date_start">2025-05-02</field>
    <field name="date_end">2025-05-08</field>
    <field name="description">Pest control treatment for storage areas.</field>
    <field name="work_instructions">Replace faulty components as needed.</field>
    <field name="location_instructions">Location 805, Room 32</field>
  </record>
  <record id="demo_work_order_77" model="fieldservice.order">
    <field name="name">Demo Work Order 77</field>
    <field name="priority">2</field>
    <field name="planned_start_datetime">2025-06-10 00:00:00</field>
    <field name="deadline_datetime">2025-06-14 00:00:00</field>
    <field name="planned_duration">32</field>
    <field name="date_start">2025-06-10</field>
    <field name="date_end">2025-06-14</field>
    <field name="description">Software update for production systems.</field>
    <field name="work_instructions">Upgrade network switches and test connectivity.</field>
    <field name="location_instructions">Location 449, Room 16</field>
  </record>
  <record id="demo_work_order_78" model="fieldservice.order">
    <field name="name">Demo Work Order 78</field>
    <field name="priority">1</field>
    <field name="planned_start_datetime">2025-05-25 00:00:00</field>
    <field name="deadline_datetime">2025-05-29 00:00:00</field>
    <field name="planned_duration">32</field>
    <field name="date_start">2025-05-25</field>
    <field name="date_end">2025-05-29</field>
    <field name="description">Scheduled HVAC system maintenance.</field>
    <field name="work_instructions">Follow standard operating procedures.</field>
    <field name="location_instructions">Location 500, Room 40</field>
  </record>
  <record id="demo_work_order_79" model="fieldservice.order">
    <field name="name">Demo Work Order 79</field>
    <field name="priority">0</field>
    <field name="planned_start_datetime">2025-07-16 00:00:00</field>
    <field name="deadline_datetime">2025-07-18 00:00:00</field>
    <field name="planned_duration">16</field>
    <field name="date_start">2025-07-16</field>
    <field name="date_end">2025-07-18</field>
    <field name="description">Emergency repair of critical equipment.</field>
    <field name="work_instructions">Apply safety measures during the task.</field>
    <field name="location_instructions">Location 101, Room 34</field>
  </record>
  <record id="demo_work_order_80" model="fieldservice.order">
    <field name="name">Demo Work Order 80</field>
    <field name="priority">0</field>
    <field name="planned_start_datetime">2025-06-02 00:00:00</field>
    <field name="deadline_datetime">2025-06-04 00:00:00</field>
    <field name="planned_duration">16</field>
    <field name="date_start">2025-06-02</field>
    <field name="date_end">2025-06-04</field>
    <field name="description">Installation of new production line equipment.</field>
    <field name="work_instructions">Upgrade network switches and test connectivity.</field>
    <field name="location_instructions">Location 589, Room 3</field>
  </record>
  <record id="demo_work_order_81" model="fieldservice.order">
    <field name="name">Demo Work Order 81</field>
    <field name="priority">2</field>
    <field name="planned_start_datetime">2025-05-26 00:00:00</field>
    <field name="deadline_datetime">2025-05-29 00:00:00</field>
    <field name="planned_duration">24</field>
    <field name="date_start">2025-05-26</field>
    <field name="date_end">2025-05-29</field>
    <field name="description">Network infrastructure upgrade.</field>
    <field name="work_instructions">Inspect thoroughly and document findings.</field>
    <field name="location_instructions">Location 871, Room 4</field>
  </record>
  <record id="demo_work_order_82" model="fieldservice.order">
    <field name="name">Demo Work Order 82</field>
    <field name="priority">1</field>
    <field name="planned_start_datetime">2025-04-20 00:00:00</field>
    <field name="deadline_datetime">2025-04-24 00:00:00</field>
    <field name="planned_duration">32</field>
    <field name="date_start">2025-04-20</field>
    <field name="date_end">2025-04-24</field>
    <field name="description">Pest control treatment for storage areas.</field>
    <field name="work_instructions">Ensure compliance with fire safety regulations.</field>
    <field name="location_instructions">Location 518, Room 40</field>
  </record>
  <record id="demo_work_order_83" model="fieldservice.order">
    <field name="name">Demo Work Order 83</field>
    <field name="priority">1</field>
    <field name="planned_start_datetime">2025-05-08 00:00:00</field>
    <field name="deadline_datetime">2025-05-11 00:00:00</field>
    <field name="planned_duration">24</field>
    <field name="date_start">2025-05-08</field>
    <field name="date_end">2025-05-11</field>
    <field name="description">Software update for production systems.</field>
    <field name="work_instructions">Ensure compliance with fire safety regulations.</field>
    <field name="location_instructions">Location 126, Room 47</field>
  </record>
  <record id="demo_work_order_84" model="fieldservice.order">
    <field name="name">Demo Work Order 84</field>
    <field name="priority">2</field>
    <field name="planned_start_datetime">2025-07-15 00:00:00</field>
    <field name="deadline_datetime">2025-07-16 00:00:00</field>
    <field name="planned_duration">8</field>
    <field name="date_start">2025-07-15</field>
    <field name="date_end">2025-07-16</field>
    <field name="description">Scheduled HVAC system maintenance.</field>
    <field name="work_instructions">Follow software update checklist carefully.</field>
    <field name="location_instructions">Location 860, Room 33</field>
  </record>
  <record id="demo_work_order_85" model="fieldservice.order">
    <field name="name">Demo Work Order 85</field>
    <field name="priority">1</field>
    <field name="planned_start_datetime">2025-04-07 00:00:00</field>
    <field name="deadline_datetime">2025-04-13 00:00:00</field>
    <field name="planned_duration">48</field>
    <field name="date_start">2025-04-07</field>
    <field name="date_end">2025-04-13</field>
    <field name="description">Annual fire safety equipment check.</field>
    <field name="work_instructions">Inspect thoroughly and document findings.</field>
    <field name="location_instructions">Location 887, Room 3</field>
  </record>
  <record id="demo_work_order_86" model="fieldservice.order">
    <field name="name">Demo Work Order 86</field>
    <field name="priority">0</field>
    <field name="planned_start_datetime">2025-06-16 00:00:00</field>
    <field name="deadline_datetime">2025-06-20 00:00:00</field>
    <field name="planned_duration">32</field>
    <field name="date_start">2025-06-16</field>
    <field name="date_end">2025-06-20</field>
    <field name="description">Annual fire safety equipment check.</field>
    <field name="work_instructions">Assemble and calibrate equipment as per manual.</field>
    <field name="location_instructions">Location 529, Room 10</field>
  </record>
  <record id="demo_work_order_87" model="fieldservice.order">
    <field name="name">Demo Work Order 87</field>
    <field name="priority">0</field>
    <field name="planned_start_datetime">2025-07-29 00:00:00</field>
    <field name="deadline_datetime">2025-08-05 00:00:00</field>
    <field name="planned_duration">56</field>
    <field name="date_start">2025-07-29</field>
    <field name="date_end">2025-08-05</field>
    <field name="description">Pest control treatment for storage areas.</field>
    <field name="work_instructions">Follow software update checklist carefully.</field>
    <field name="location_instructions">Location 510, Room 10</field>
  </record>
  <record id="demo_work_order_88" model="fieldservice.order">
    <field name="name">Demo Work Order 88</field>
    <field name="priority">1</field>
    <field name="planned_start_datetime">2025-04-15 00:00:00</field>
    <field name="deadline_datetime">2025-04-22 00:00:00</field>
    <field name="planned_duration">56</field>
    <field name="date_start">2025-04-15</field>
    <field name="date_end">2025-04-22</field>
    <field name="description">Software update for production systems.</field>
    <field name="work_instructions">Inspect thoroughly and document findings.</field>
    <field name="location_instructions">Location 620, Room 30</field>
  </record>
  <record id="demo_work_order_89" model="fieldservice.order">
    <field name="name">Demo Work Order 89</field>
    <field name="priority">2</field>
    <field name="planned_start_datetime">2025-06-22 00:00:00</field>
    <field name="deadline_datetime">2025-06-26 00:00:00</field>
    <field name="planned_duration">32</field>
    <field name="date_start">2025-06-22</field>
    <field name="date_end">2025-06-26</field>
    <field name="description">Network infrastructure upgrade.</field>
    <field name="work_instructions">Perform calibration according to guidelines.</field>
    <field name="location_instructions">Location 599, Room 38</field>
  </record>
  <record id="demo_work_order_90" model="fieldservice.order">
    <field name="name">Demo Work Order 90</field>
    <field name="priority">1</field>
    <field name="planned_start_datetime">2025-04-05 00:00:00</field>
    <field name="deadline_datetime">2025-04-06 00:00:00</field>
    <field name="planned_duration">8</field>
    <field name="date_start">2025-04-05</field>
    <field name="date_end">2025-04-06</field>
    <field name="description">Pest control treatment for storage areas.</field>
    <field name="work_instructions">Upgrade network switches and test connectivity.</field>
    <field name="location_instructions">Location 645, Room 22</field>
  </record>
  <record id="demo_work_order_91" model="fieldservice.order">
    <field name="name">Demo Work Order 91</field>
    <field name="priority">2</field>
    <field name="planned_start_datetime">2025-07-28 00:00:00</field>
    <field name="deadline_datetime">2025-08-03 00:00:00</field>
    <field name="planned_duration">48</field>
    <field name="date_start">2025-07-28</field>
    <field name="date_end">2025-08-03</field>
    <field name="description">Calibration of quality control instruments.</field>
    <field name="work_instructions">Apply approved pest control chemicals safely.</field>
    <field name="location_instructions">Location 934, Room 28</field>
  </record>
  <record id="demo_work_order_92" model="fieldservice.order">
    <field name="name">Demo Work Order 92</field>
    <field name="priority">2</field>
    <field name="planned_start_datetime">2025-05-12 00:00:00</field>
    <field name="deadline_datetime">2025-05-18 00:00:00</field>
    <field name="planned_duration">48</field>
    <field name="date_start">2025-05-12</field>
    <field name="date_end">2025-05-18</field>
    <field name="description">Pest control treatment for storage areas.</field>
    <field name="work_instructions">Apply safety measures during the task.</field>
    <field name="location_instructions">Location 769, Room 10</field>
  </record>
  <record id="demo_work_order_93" model="fieldservice.order">
    <field name="name">Demo Work Order 93</field>
    <field name="priority">2</field>
    <field name="planned_start_datetime">2025-05-20 00:00:00</field>
    <field name="deadline_datetime">2025-05-21 00:00:00</field>
    <field name="planned_duration">8</field>
    <field name="date_start">2025-05-20</field>
    <field name="date_end">2025-05-21</field>
    <field name="description">Routine equipment maintenance.</field>
    <field name="work_instructions">Ensure compliance with fire safety regulations.</field>
    <field name="location_instructions">Location 274, Room 24</field>
  </record>
  <record id="demo_work_order_94" model="fieldservice.order">
    <field name="name">Demo Work Order 94</field>
    <field name="priority">0</field>
    <field name="planned_start_datetime">2025-04-28 00:00:00</field>
    <field name="deadline_datetime">2025-05-02 00:00:00</field>
    <field name="planned_duration">32</field>
    <field name="date_start">2025-04-28</field>
    <field name="date_end">2025-05-02</field>
    <field name="description">Installation of new production line equipment.</field>
    <field name="work_instructions">Ensure compliance with fire safety regulations.</field>
    <field name="location_instructions">Location 16, Room 17</field>
  </record>
  <record id="demo_work_order_95" model="fieldservice.order">
    <field name="name">Demo Work Order 95</field>
    <field name="priority">2</field>
    <field name="planned_start_datetime">2025-04-01 00:00:00</field>
    <field name="deadline_datetime">2025-04-05 00:00:00</field>
    <field name="planned_duration">32</field>
    <field name="date_start">2025-04-01</field>
    <field name="date_end">2025-04-05</field>
    <field name="description">Emergency repair of critical equipment.</field>
    <field name="work_instructions">Replace faulty components as needed.</field>
    <field name="location_instructions">Location 524, Room 11</field>
  </record>
  <record id="demo_work_order_96" model="fieldservice.order">
    <field name="name">Demo Work Order 96</field>
    <field name="priority">0</field>
    <field name="planned_start_datetime">2025-06-20 00:00:00</field>
    <field name="deadline_datetime">2025-06-24 00:00:00</field>
    <field name="planned_duration">32</field>
    <field name="date_start">2025-06-20</field>
    <field name="date_end">2025-06-24</field>
    <field name="description">Emergency repair of critical equipment.</field>
    <field name="work_instructions">Upgrade network switches and test connectivity.</field>
    <field name="location_instructions">Location 352, Room 45</field>
  </record>
  <record id="demo_work_order_97" model="fieldservice.order">
    <field name="name">Demo Work Order 97</field>
    <field name="priority">2</field>
    <field name="planned_start_datetime">2025-07-15 00:00:00</field>
    <field name="deadline_datetime">2025-07-22 00:00:00</field>
    <field name="planned_duration">56</field>
    <field name="date_start">2025-07-15</field>
    <field name="date_end">2025-07-22</field>
    <field name="description">Software update for production systems.</field>
    <field name="work_instructions">Apply safety measures during the task.</field>
    <field name="location_instructions">Location 216, Room 36</field>
  </record>
  <record id="demo_work_order_98" model="fieldservice.order">
    <field name="name">Demo Work Order 98</field>
    <field name="priority">0</field>
    <field name="planned_start_datetime">2025-07-22 00:00:00</field>
    <field name="deadline_datetime">2025-07-28 00:00:00</field>
    <field name="planned_duration">48</field>
    <field name="date_start">2025-07-22</field>
    <field name="date_end">2025-07-28</field>
    <field name="description">Calibration of quality control instruments.</field>
    <field name="work_instructions">Apply approved pest control chemicals safely.</field>
    <field name="location_instructions">Location 575, Room 27</field>
  </record>
  <record id="demo_work_order_99" model="fieldservice.order">
    <field name="name">Demo Work Order 99</field>
    <field name="priority">2</field>
    <field name="planned_start_datetime">2025-05-01 00:00:00</field>
    <field name="deadline_datetime">2025-05-02 00:00:00</field>
    <field name="planned_duration">8</field>
    <field name="date_start">2025-05-01</field>
    <field name="date_end">2025-05-02</field>
    <field name="description">Installation of new production line equipment.</field>
    <field name="work_instructions">Perform calibration according to guidelines.</field>
    <field name="location_instructions">Location 204, Room 50</field>
  </record>
  <record id="demo_work_order_100" model="fieldservice.order">
    <field name="name">Demo Work Order 100</field>
    <field name="priority">0</field>
    <field name="planned_start_datetime">2025-05-13 00:00:00</field>
    <field name="deadline_datetime">2025-05-20 00:00:00</field>
    <field name="planned_duration">56</field>
    <field name="date_start">2025-05-13</field>
    <field name="date_end">2025-05-20</field>
    <field name="description">Routine equipment maintenance.</field>
    <field name="work_instructions">Upgrade network switches and test connectivity.</field>
    <field name="location_instructions">Location 255, Room 45</field>
  </record>
</odoo>
