<?xml version="1.0" encoding="utf-8"?>
<odoo>
    <data noupdate="0">
        <record id="fieldservice_group_user" model="res.groups">
            <field name="name">Field Service User</field>
            <field name="category_id" ref="base.module_category_services_field_service"/>
        </record>

        <record id="fieldservice_group_manager" model="res.groups">
            <field name="name">Field Service Manager</field>
            <field name="category_id" ref="base.module_category_services_field_service"/>
            <field name="implied_ids" eval="[(4, ref('fieldservice_group_user'))]"/>
            <field name="users" eval="[(4, ref('base.user_root')), (4, ref('base.user_admin'))]"/>
        </record>

        <odoo>
            <!-- Record Rule for Field Service Order Line -->
            <record id="fieldservice_order_line_company_rule" model="ir.rule">
                <field name="name">Field Service Order Line: Restrict by Company</field>
                <field name="model_id" ref="fieldservice_vrtl.model_fieldservice_order_line"/>
                <field name="domain_force">[('company_id', 'in', company_ids)]</field>
                <field name="groups" eval="[(4, ref('base.group_user'))]"/>
                <field name="perm_read" eval="True"/>
                <field name="perm_write" eval="True"/>
                <field name="perm_create" eval="True"/>
                <field name="perm_unlink" eval="False"/>
            </record>

            <!-- Record Rule for Field Service Order -->
            <record id="fieldservice_order_company_rule" model="ir.rule">
                <field name="name">Field Service Order: Restrict by Company</field>
                <field name="model_id" ref="fieldservice_vrtl.model_fieldservice_order"/>
                <field name="domain_force">[('company_id', 'in', company_ids)]</field>
                <field name="groups" eval="[(4, ref('base.group_user'))]"/>
                <field name="perm_read" eval="True"/>
                <field name="perm_write" eval="True"/>
                <field name="perm_create" eval="True"/>
                <field name="perm_unlink" eval="False"/>
            </record>
        </odoo>


    </data>
</odoo>
