<?xml version="1.0" encoding="UTF-8"?>
<odoo>
    <data noupdate="0">
        <record id="seq_fieldservice_order" model="ir.sequence">
            <field name="name">Field Service Order Sequence</field>
            <field name="code">fieldservice.order</field>
            <field name="prefix">FSO-</field>
            <field name="padding">5</field>
            <field name="number_next">1</field>
            <field name="number_increment">1</field>
            <field name="company_id" eval="False"/>
        </record>
    </data>
</odoo>

