<?xml version="1.0" encoding="utf-8" ?>
<odoo>
    <data>
        <record model="ir.module.category" id="module_helpdesk_category">
            <field name="name">Helpdesk</field>
            <field name="description">Helps you handle your helpdesk security.</field>
            <field name="sequence">9</field>
        </record>
    </data>
    <data noupdate="1">
        <!--Email template -->
        <record id="assignment_email_template" model="mail.template">
            <field name="name">Ticket Assignment</field>
            <field name="model_id" ref="model_helpdesk_ticket" />
            <field name="email_from">{{object.company_id.partner_id.email}}</field>
            <field
                name="email_cc"
            >{{not object.partner_id and object.partner_email or ''}},</field>
            <field
                name="subject"
            >{{object.company_id.name}} Ticket Assignment (Ref {{object.number or 'n/a' }})</field>
            <field name="partner_to">{{object.partner_id.id}}</field>
            <field name="auto_delete" eval="False" />
            <field name="lang">{{object.partner_id.lang}}</field>
            <field name="body_html" type="html">
                <p>Hello <t t-out="object.user_id.name" />,</p>
                <p>The ticket <t t-out="object.number" /> has been assigned to you.</p>
            </field>
        </record>
        <record id="closed_ticket_template" model="mail.template">
            <field name="name">Helpdesk Closed Ticket Notification Email</field>
            <field name="model_id" ref="helpdesk_mgmt.model_helpdesk_ticket" />
            <field name="email_from">{{object.company_id.partner_id.email}}</field>
            <field
                name="email_cc"
            >{{not object.partner_id and object.partner_email or ''}},</field>
            <field name="subject">The ticket {{object.number}} has been closed.</field>
            <field name="partner_to">{{object.partner_id.id}}</field>
            <field name="auto_delete" eval="False" />
            <field name="lang">{{object.partner_id.lang}}</field>
            <field name="body_html" type="html">
                <table
                    border="0"
                    width="100%"
                    cellpadding="0"
                    bgcolor="#ededed"
                    style="padding: 20px; background-color: #ededed; border-collapse:separate;"
                >
                    <tbody>
                        <!-- HEADER -->
                        <tr>
                            <td align="center" style="min-width: 590px;">
                                <table
                                    width="590"
                                    border="0"
                                    cellpadding="0"
                                    bgcolor="#875A7B"
                                    style="min-width: 590px; background-color: rgb(135,90,123); padding: 20px; border-collapse:separate;"
                                >
                                    <tr>
                                        <td valign="middle" align="right">
                                            <img
                                                t-att-src="'/logo.png?company=%s' % object.company_id.id"
                                                style="padding: 0px; margin: 0px; height: auto; width: 80px;"
                                                t-att-alt="'%s' % object.company_id.name"
                                            />
                                        </td>
                                    </tr>
                                </table>
                            </td>
                        </tr>
                        <!-- CONTENT -->
                        <tr>
                            <td align="center" style="min-width: 590px;">
                                <table
                                    width="590"
                                    border="0"
                                    cellpadding="0"
                                    bgcolor="#ffffff"
                                    style="min-width: 590px; background-color: rgb(255, 255, 255); padding: 20px; border-collapse:separate;"
                                >
                                    <tbody>
                                        <td
                                            valign="top"
                                            style="font-family:Arial,Helvetica,sans-serif; color: #555; font-size: 14px;"
                                        >
                                            <p>Hello <t
                                                t-out="object.user_id.name"
                                            />,</p>
                                            <p>The ticket "<t
                                                t-out="object.display_name"
                                            />" has been closed.</p>
                                        </td>
                                    </tbody>
                                </table>
                            </td>
                        </tr>
                        <!-- FOOTER -->
                        <tr>
                            <td align="center" style="min-width: 590px;">
                                <table
                                    width="590"
                                    border="0"
                                    cellpadding="0"
                                    bgcolor="#875A7B"
                                    style="min-width: 590px; background-color: rgb(135,90,123); padding: 20px; border-collapse:separate;"
                                >
                                    <tr>
                                        <td
                                            valign="middle"
                                            align="left"
                                            style="color: #fff; padding-top: 10px; padding-bottom: 10px; font-size: 12px;"
                                        >
                                            <t t-out="object.company_id.phone" />
                                        </td>
                                        <td
                                            valign="middle"
                                            align="left"
                                            style="color: #fff; padding-top: 10px; padding-bottom: 10px; font-size: 12px;"
                                        >
                                            <t t-out="object.company_id.email" />
                                        </td>
                                        <td
                                            valign="middle"
                                            align="left"
                                            style="color: #fff; padding-top: 10px; padding-bottom: 10px; font-size: 12px;"
                                        >
                                            <t t-out="object.company_id.website" />
                                        </td>
                                    </tr>
                                </table>
                            </td>
                        </tr>
                    </tbody>
                </table>
            </field>
        </record>
        <record id="changed_stage_template" model="mail.template">
            <field name="name">Helpdesk Changed Stage notification Email</field>
            <field name="model_id" ref="helpdesk_mgmt.model_helpdesk_ticket" />
            <field name="email_from">{{object.company_id.partner_id.email}}</field>
            <field
                name="email_cc"
            >{{not object.partner_id and object.partner_email or ''}},</field>
            <field
                name="subject"
            >The ticket {{object.number}} stage has changed.</field>
            <field name="partner_to">{{object.partner_id.id}}</field>
            <field name="auto_delete" eval="False" />
            <field name="lang">{{object.partner_id.lang}}</field>
            <field name="body_html" type="html">
                <table
                    border="0"
                    width="100%"
                    cellpadding="0"
                    bgcolor="#ededed"
                    style="padding: 20px; background-color: #ededed; border-collapse:separate;"
                >
                    <tbody>
                        <!-- HEADER -->
                        <tr>
                            <td align="center" style="min-width: 590px;">
                                <table
                                    width="590"
                                    border="0"
                                    cellpadding="0"
                                    bgcolor="#875A7B"
                                    style="min-width: 590px; background-color: rgb(135,90,123); padding: 20px; border-collapse:separate;"
                                >
                                    <tr>
                                        <td valign="middle" align="right">
                                            <img
                                                t-att-src="'/logo.png?company=%s' % object.company_id.id"
                                                style="padding: 0px; margin: 0px; height: auto; width: 80px;"
                                                t-att-alt="'%s' % object.company_id.name"
                                            />
                                        </td>
                                    </tr>
                                </table>
                            </td>
                        </tr>
                        <!-- CONTENT -->
                        <tr>
                            <td align="center" style="min-width: 590px;">
                                <table
                                    width="590"
                                    border="0"
                                    cellpadding="0"
                                    bgcolor="#ffffff"
                                    style="min-width: 590px; background-color: rgb(255, 255, 255); padding: 20px; border-collapse:separate;"
                                >
                                    <tbody>
                                        <td
                                            valign="top"
                                            style="font-family:Arial,Helvetica,sans-serif; color: #555; font-size: 14px;"
                                        >
                                            <p>Hello <t
                                                t-out="object.user_id.name"
                                            />,</p>
                                            <p>The ticket "<t
                                                t-out="object.display_name"
                                            />" stage has changed to <t
                                                t-out="object.stage_id.name"
                                            />.</p>
                                        </td>
                                    </tbody>
                                </table>
                            </td>
                        </tr>
                        <!-- FOOTER -->
                        <tr>
                            <td align="center" style="min-width: 590px;">
                                <table
                                    width="590"
                                    border="0"
                                    cellpadding="0"
                                    bgcolor="#875A7B"
                                    style="min-width: 590px; background-color: rgb(135,90,123); padding: 20px; border-collapse:separate;"
                                >
                                    <tr>
                                        <td
                                            valign="middle"
                                            align="left"
                                            style="color: #fff; padding-top: 10px; padding-bottom: 10px; font-size: 12px;"
                                        >
                                            <t t-out="object.company_id.phone" />
                                        </td>
                                        <td
                                            valign="middle"
                                            align="left"
                                            style="color: #fff; padding-top: 10px; padding-bottom: 10px; font-size: 12px;"
                                        >
                                            <t t-out="object.company_id.email" />
                                        </td>
                                        <td
                                            valign="middle"
                                            align="left"
                                            style="color: #fff; padding-top: 10px; padding-bottom: 10px; font-size: 12px;"
                                        >
                                            <t t-out="object.company_id.website" />
                                        </td>
                                    </tr>
                                </table>
                            </td>
                        </tr>
                    </tbody>
                </table>
            </field>
        </record>
        <!-- Sequence -->
        <record id="helpdesk_ticket_sequence" model="ir.sequence">
            <field name="name">Helpdesk Ticket Sequence</field>
            <field name="code">helpdesk.ticket.sequence</field>
            <field name="prefix">HT</field>
            <field name="padding">5</field>
            <field name="company_id" />
        </record>
        <!-- Stages -->
        <record id="helpdesk_ticket_stage_new" model="helpdesk.ticket.stage">
            <field name="sequence">1</field>
            <field name="name">New</field>
            <field name="unattended">True</field>
            <field name="closed">False</field>
            <field name="company_id" />
        </record>
        <record id="helpdesk_ticket_stage_in_progress" model="helpdesk.ticket.stage">
            <field name="sequence">2</field>
            <field name="name">In Progress</field>
            <field name="unattended">False</field>
            <field name="closed">False</field>
            <field name="company_id" />
        </record>
        <record id="helpdesk_ticket_stage_awaiting" model="helpdesk.ticket.stage">
            <field name="sequence">3</field>
            <field name="name">Awaiting</field>
            <field name="unattended">False</field>
            <field name="closed">False</field>
            <field name="company_id" />
        </record>
        <record id="helpdesk_ticket_stage_done" model="helpdesk.ticket.stage">
            <field name="sequence">4</field>
            <field name="name">Done</field>
            <field name="unattended">False</field>
            <field name="closed">True</field>
            <field name="close_from_portal">True</field>
            <field name="fold">True</field>
            <field name="mail_template_id" ref="helpdesk_mgmt.closed_ticket_template" />
            <field name="company_id" />
        </record>
        <record id="helpdesk_ticket_stage_cancelled" model="helpdesk.ticket.stage">
            <field name="sequence">5</field>
            <field name="name">Cancelled</field>
            <field name="unattended">False</field>
            <field name="closed">True</field>
            <field name="close_from_portal">True</field>
            <field name="fold">True</field>
            <field name="mail_template_id" ref="helpdesk_mgmt.closed_ticket_template" />
            <field name="company_id" />
        </record>
        <record id="helpdesk_ticket_stage_rejected" model="helpdesk.ticket.stage">
            <field name="sequence">6</field>
            <field name="name">Rejected</field>
            <field name="unattended">False</field>
            <field name="closed">True</field>
            <field name="close_from_portal">False</field>
            <field name="fold">True</field>
            <field name="mail_template_id" ref="helpdesk_mgmt.closed_ticket_template" />
            <field name="company_id" />
        </record>
        <!-- Channels -->
        <record id="helpdesk_ticket_channel_web" model="helpdesk.ticket.channel">
            <field name="name">Web</field>
        </record>
        <record id="helpdesk_ticket_channel_email" model="helpdesk.ticket.channel">
            <field name="name">Email</field>
        </record>
        <record id="helpdesk_ticket_channel_phone" model="helpdesk.ticket.channel">
            <field name="name">Phone</field>
        </record>
        <record id="helpdesk_ticket_channel_other" model="helpdesk.ticket.channel">
            <field name="name">Other</field>
        </record>
        <!--default alias for leads-->
        <record id="mail_alias_lead_info_helpdesk" model="mail.alias">
            <field name="alias_name">help</field>
            <field name="alias_model_id" ref="model_helpdesk_ticket" />
            <field name="alias_parent_model_id" ref="model_helpdesk_ticket_team" />
        </record>
        <!-- Helpdesk Ticket-related subtypes for messaging / Chatter -->
        <record id="hlp_tck_created" model="mail.message.subtype">
            <field name="name">Ticket Created</field>
            <field name="res_model">helpdesk.ticket</field>
            <field name="default" eval="False" />
            <field name="hidden" eval="False" />
            <field name="description">Ticket created</field>
        </record>
        <!-- Helpdesk Ticket-related subtypes for messaging / Chatter -->
        <record id="hlp_tck_team_created" model="mail.message.subtype">
            <field name="name">Helpdesk Ticket Created</field>
            <field name="res_model">helpdesk.ticket.team</field>
            <field name="default" eval="True" />
            <field name="parent_id" ref="hlp_tck_created" />
            <field name="relation_field">team_id</field>
        </record>
    </data>
</odoo>
